Base	Genre-base	Nombre-base	Collocatif	Genre-collocatif	Nombre-collocatif	Lemme collocatif	Compositionnel	Phrase	ID	Corpus	URL
colère	féminin	singulier	saine	féminin	singulier	sain	Non	Il aurait tant aimé que les deux fouettent enfin la terre d'une saine colère et redonnent aux hommes un peu de discernement.	s588 	FY : Corpus fantastique de phraseorom	phraseotext.univ-grenoble-alpes.fr/lexicoscope/context.php?&idsent=s588&idxml=FY.fr.PERU.xml&user=userP&token=472cb413b4d1465f39ef11040bb42c34
colère	féminin	singulier	saine	féminin	singulier	sain	Non	Après, au sortir de la projection, le sentiment oscille entre gêne poisseuse et saine colère balancées sur Twitter.	s490295 	Corpus de presse du Monde, Figaro, Libération 2010-2015	phraseotext.univ-grenoble-alpes.fr/lexicoscope/context.php?&idsent=s490295&idxml=libe2010_2015.xml&user=userP&token=011243b28beb83988b492c677d3c1dd5
colère	féminin	singulier	saine	féminin	singulier	sain	Non	Comme elle ne s'est pas mise en colère depuis très longtemps, n'en ayant plus guère l'occasion, elle ne sait pas encore que c'est la colère qui monte en elle, une colère saine car justifiée par ce nigaud, ce mal élevé qui n'a pas appris qu'on cède la place aux anciens.	s1070 	LITT : Sélection d’oeuvres de phraseorom (5M par sous-genre)	phraseotext.univ-grenoble-alpes.fr/lexicoscope/context.php?&idsent=s1070&idxml=LITT.fr.CHATELET.xml&user=userP&token=26b3e81de0a5f893a3811366f9e9819d
colère	féminin	singulier	saine	féminin	singulier	sain	Non	"Cette productivité qui étonne, inquiète parfois même les proches, trouve sa source dans une saine colère: "" C'est mon énergie, lance-t-il."	s1372142 	Corpus de presse du Monde, Figaro, Libération 2010-2015	phraseotext.univ-grenoble-alpes.fr/lexicoscope/context.php?&idsent=s1372142&idxml=lm2010_2015.xml&user=userP&token=c51fbfb33081dcfb5f896697a34f127a
colère	féminin	singulier	saine	féminin	singulier	sain	Non	Pauline le sentait soulevé de colère, mais une saine colère.	s87670 	HIST : Corpus historique de phraseorom	phraseotext.univ-grenoble-alpes.fr/lexicoscope/context.php?&idsent=s87670&idxml=HIST.fr.CLAVEL.xml&user=userP&token=e3acb12be33ee521b8160dc923c05809
colère	féminin	singulier	saine	féminin	singulier	sain	Non	Les cinquante récits que je dus subir de leur promenade en ville, de cette exhibition honteuse, reflétaient la saine colère, la rancune de toute société morale lorsqu'on manque à ses lois.	s795 	HIST : Corpus historique de phraseorom	phraseotext.univ-grenoble-alpes.fr/lexicoscope/context.php?&idsent=s795&idxml=HIST.fr.SAGAN.xml&user=userP&token=c15538496f07af2b9d629c975c5677fe
colère	féminin	singulier	saine	féminin	singulier	sain	Non	Il serait venu pour faire un scandale, une sorte de provocation entre le politique et la poésie, une saine colère contre l'ordre établi, que ce soit celui de l'université ou celui de la francophonie, cette « gueule du loup » où il s'était engouffré en 1945, juste après le massacre de Sétif.	s7639 	GEN : Corpus général de phraseorom	phraseotext.univ-grenoble-alpes.fr/lexicoscope/context.php?&idsent=s7639&idxml=GEN.fr.BENJELLOUN.xml&user=userP&token=a8004f0518e15be8d4fff401e08978e8
colère	féminin	singulier	saine	féminin	singulier	sain	Non	Elle escomptait qu'il suffirait de dévoiler les faits pour que le monde entier soit secoué par une saine colère.	s1201 	GEN : Corpus général de phraseorom	phraseotext.univ-grenoble-alpes.fr/lexicoscope/context.php?&idsent=s1201&idxml=GEN.fr.MAALOUF.xml&user=userP&token=0e5064e5ea7c3fb5a1680d8eb2717e54
colères	féminin	pluriel	saines	féminin	pluriel	sain	Non	"Les vrais dandys Leroy en profite pour nous livrer quelques saines colères contre les "" cyberautistes "" d'un monde envahi par "" Facebouc "" et "" Touiterre "" , tout en daubant les "" maccarthystes de gauche "" soumis au "" fascisme de la tolérance obligatoire, du bovarysme avec électronique communicationnelle embarquée à bord "" ."	s357915 	Corpus de presse du Monde, Figaro, Libération 2010-2015	phraseotext.univ-grenoble-alpes.fr/lexicoscope/context.php?&idsent=s357915&idxml=lfi2010_2011.xml&user=userP&token=06e0e904a054595a145e5a8f628afeb1
colères	féminin	pluriel	saines	féminin	pluriel	sain	Non	Au début de son premier mandat, Boris Eltsine plaisait pour son côté moujik doté d'une bonne descente et capable de saines colères.	s154687 	CONT : Corpus de contraste de phraseorom	phraseotext.univ-grenoble-alpes.fr/lexicoscope/context.php?&idsent=s154687&idxml=CONT.fr.PRESSE.xml&user=userP&token=3eeb6e2f7d99ed0b69b774d9ea3a8802
vie	féminin	singulier	saine	féminin	singulier	sain	Oui	Faut que tu dormes plus, il lui disait, faut que tu te reposes, faut que t'arrêtes de sortir comme ça tous les soirs si t'es pas capable d'assumer le lendemain au boulot, t'as trente ans un gamin une gentille femme un loyer à payer, faut que tu ralentisses et que tu mènes une vie plus saine, t'auras pas toujours un patron sympa comme moi pour te payer à bayer aux corneilles dès midi sonné.	s228 	LITT : Sélection d’oeuvres de phraseorom (5M par sous-genre)	phraseotext.univ-grenoble-alpes.fr/lexicoscope/context.php?&idsent=s228&idxml=LITT.fr.ADAM.xml&user=userP&token=3991bf0fde6914283d3b438b6215f011
personne	féminin	singulier	saine	féminin	singulier	sain	Oui	Une personne saine et enjouée, me dis-je, n'aurait pas fait ce que je faisais.	s663 	LITT : Sélection d’oeuvres de phraseorom (5M par sous-genre)	phraseotext.univ-grenoble-alpes.fr/lexicoscope/context.php?&idsent=s663&idxml=LITT.fr.BELLETTO.xml&user=userP&token=54a0038f696a912846cac119469eae37
peau	féminin	singulier	saine	féminin	singulier	sain	Oui	La louve s'élança aussitôt vers le petit et entreprit de le nettoyer à grands coups de langue, léchant la carapace écailleuse qui fondit dans l'instant, révélant sous la membrane visqueuse une peau saine et rose.	s8737 	LITT : Sélection d’oeuvres de phraseorom (5M par sous-genre)	phraseotext.univ-grenoble-alpes.fr/lexicoscope/context.php?&idsent=s8737&idxml=LITT.fr.BRASEY.xml&user=userP&token=31aec4b69758bc245bb5d4df902dc6aa
nourriture	féminin	singulier	saine	féminin	singulier	sain	Oui	Une nourriture saine et complète lui suffit.	s4110 	LITT : Sélection d’oeuvres de phraseorom (5M par sous-genre)	phraseotext.univ-grenoble-alpes.fr/lexicoscope/context.php?&idsent=s4110&idxml=LITT.fr.DIROLLO.xml&user=userP&token=afa80e34b5f95f1479a97f513605c6c8
chair	féminin	singulier	saine	féminin	singulier	sain	Oui	Et puis, cette propreté, ce visage massif et diaphane, cette foulée aérienne, et cette odeur de chair saine, jamais Junior ne les a connus.	s2317 	LITT : Sélection d’oeuvres de phraseorom (5M par sous-genre)	phraseotext.univ-grenoble-alpes.fr/lexicoscope/context.php?&idsent=s2317&idxml=LITT.fr.KHADRA.xml&user=user&token=3cd0621bde0326e351a292b2725b9d2d
écorces	féminin	pluriel	saines	féminin	pluriel	sain	Oui	Du revers de ma lame j'écartais une feuille quand un jeune arbre aux écorces saines et luisantes m'apparut dans toute sa beauté.	s856 	LITT : Sélection d’oeuvres de phraseorom (5M par sous-genre)	phraseotext.univ-grenoble-alpes.fr/lexicoscope/context.php?&idsent=s856&idxml=LITT.fr.AUGIERAS.xml&user=userP&token=e87d74286fe9c737a00fc50cdbe013f0
dents	féminin	pluriel	saines	féminin	pluriel	sain	Oui	Du coin de l'oeil, je l'examine : le teint rose, la peau bien tendue sur les os qu'on devine à peine sous une suffisante couche de graisse, les dents saines et blanches, des yeux obliques, rieurs et bleus.	s364 	LITT : Sélection d’oeuvres de phraseorom (5M par sous-genre)	phraseotext.univ-grenoble-alpes.fr/lexicoscope/context.php?&idsent=s364&idxml=LITT.fr.LANGFUS.xml&user=user&token=1225e45ce5f35dffe69bfcf79551d22e
bouche	féminin	singulier	saine	féminin	singulier	sain	Oui	– Au moins, toi, dit-elle en me souriant de sa large bouche saine et éclatante, tu es l'homme nature.	s21398 	LITT : Sélection d’oeuvres de phraseorom (5M par sous-genre)	phraseotext.univ-grenoble-alpes.fr/lexicoscope/context.php?&idsent=s21398&idxml=LITT.fr.MERLE2.xml&user=user&token=a7855ba7979359acbffb213cde771ec5
jambe	féminin	singulier	saine	féminin	singulier	sain	Oui	Sa jambe saine, sur laquelle il avait transféré tout son poids, tremblait de fatigue.	s12962 	SF : Corpus de science-fiction de phraseorom	phraseotext.univ-grenoble-alpes.fr/lexicoscope/context.php?&idsent=s12962&idxml=SF.fr.BORDAGE.xml&user=userP&token=de4bafbe504094c855f8539bfb6e20ac
feuilles	féminin	pluriel	saines	féminin	pluriel	sain	Oui	À bout de souffle, il s'appuya contre un saule et nota qu'on aurait dû élaguer l'arbre au printemps ; ses feuilles étaient trop petites pour être saines.	s148 	LITT : Sélection d’oeuvres de phraseorom (5M par sous-genre)	phraseotext.univ-grenoble-alpes.fr/lexicoscope/context.php?&idsent=s148&idxml=LITT.fr.BROUILLET.xml&user=userP&token=865447ee52b5eabfbcf70318fddb695d
observateur	masculin	singulier	fin	masculin	singulier	fin	Non	On la découvre à travers les yeux de Gus, fin observateur du monde qui l'entoure.	s7764 	Corpus de presse du Monde, Figaro, Libération 2010-2015	phraseotext.univ-grenoble-alpes.fr/lexicoscope/context.php?&idsent=s7764&idxml=lfi2010_2011.xml&user=userP&token=911e14799d449847822fe996d275a7be
observateur	masculin	singulier	fin	masculin	singulier	fin	Non	"A une ou deux contrariétés près, ainsi résumées par son directeur, Paul-Henri Wauters, au demeurant fin observateur de l'évolution des moeurs artistico-économiques : ""La particularité de cette édition est, qu'en la préparant, nous avons eu cinq ou six groupes qui nous ont finalement filés entre les doigts après avoir longtemps tergiversé."	s168271 	Corpus de presse du Monde, Figaro, Libération 2010-2015	phraseotext.univ-grenoble-alpes.fr/lexicoscope/context.php?&idsent=s168271&idxml=libe2010_2015.xml&user=userP&token=c92826e0c9dbaabe5f235363079c836d
observateur	masculin	singulier	fin	masculin	singulier	fin	Non	Markus Hansen, en fin observateur, s'est donné comme projet fou de chercher à saisir les émotions subtiles qui se dessinent sur un visage, et ça marche !	s197999 	Corpus de presse du Monde, Figaro, Libération 2010-2015	phraseotext.univ-grenoble-alpes.fr/lexicoscope/context.php?&idsent=s197999&idxml=libe2010_2015.xml&user=userP&token=d1f0715adb04234b75001fb62397b81e
observateur	masculin	singulier	fin	masculin	singulier	fin	Non	Bachar Al-Assad est assurément un fin observateur de la scène internationale.	s701791 	Corpus de presse du Monde, Figaro, Libération 2010-2015	phraseotext.univ-grenoble-alpes.fr/lexicoscope/context.php?&idsent=s701791&idxml=lm2010_2015.xml&user=userP&token=3ae20bc08b10d1c68110435f07582f06
observateur	masculin	singulier	fin	masculin	singulier	fin	Non	L'écrivain, fin observateur de la société contemporaine, prouve avec ce nouveau livre que le vin n'est décidément pas destiné qu'à être bu!	s728380 	Corpus de presse du Monde, Figaro, Libération 2010-2015	phraseotext.univ-grenoble-alpes.fr/lexicoscope/context.php?&idsent=s728380&idxml=lm2010_2015.xml&user=userP&token=e88eeeae0bf69c807b6ed4af1d74178c
observateur	masculin	singulier	fin	masculin	singulier	fin	Non	"La vie ici est très épicée, on vit plus intensément, ce qui fait la beauté de nos créations "" , rêve l'architecte Nabil Gholam, fin observateur de ses contemporains."	s1182613 	Corpus de presse du Monde, Figaro, Libération 2010-2015	phraseotext.univ-grenoble-alpes.fr/lexicoscope/context.php?&idsent=s1182613&idxml=lm2010_2015.xml&user=userP&token=46c7f533eaca800826cf5daf1d457034
observateur	masculin	singulier	fin	masculin	singulier	fin	Non	Pour ce fin observateur du système, si réforme il y a, elle ne peut se faire que dans le cadre d'une articulation avec le supérieur.	s1303969 	Corpus de presse du Monde, Figaro, Libération 2010-2015	phraseotext.univ-grenoble-alpes.fr/lexicoscope/context.php?&idsent=s1303969&idxml=lm2010_2015.xml&user=userP&token=383c80037a5c00cbe8f3d2b1d3d2e030
observateur	masculin	singulier	fin	masculin	singulier	fin	Non	Sous ses dehors réservés, le Maure était fin observateur et bien introduit auprès de quelques courtisans.	s9034 	HIST : Corpus historique de phraseorom	phraseotext.univ-grenoble-alpes.fr/lexicoscope/context.php?&idsent=s9034&idxml=HIST.fr.GIRARD.xml&user=userP&token=56d5ea454bb2678172cb1104aae2399a
observateur	masculin	singulier	fin	masculin	singulier	fin	Non	Ça passe par moi, ça peut passer par toi, assène Lorenzo, fin observateur de la politique intérieure chez Modus.	s4968 	LITT : Sélection d’oeuvres de phraseorom (5M par sous-genre)	phraseotext.univ-grenoble-alpes.fr/lexicoscope/context.php?&idsent=s4968&idxml=SENT.fr.TROMPETTE.xml&user=userP&token=fe4aab91f64cf1d2ef310b26d75ec7b0
observateur	masculin	singulier	fin	masculin	singulier	fin	Non	Hurj Ingan était fin observateur et s'il se leurrait sur la nature du désir que Salvarode éprouvait pour elle, il avait percé le marchombre à jour avec une facilité déconcertante.	s2121 	FY : Corpus fantastique de phraseorom	phraseotext.univ-grenoble-alpes.fr/lexicoscope/context.php?&idsent=s2121&idxml=FY.fr.BOTTERO.xml&user=userP&token=d13a6a43bcf2aa729cf6ca4e45015872
bretelles	féminin	pluriel	fines	féminin	pluriel	fin	Oui	Daphné avait enfilé une nuisette blanche en coton, à fines bretelles.	s3812 	LITT : Sélection d’oeuvres de phraseorom (5M par sous-genre)	phraseotext.univ-grenoble-alpes.fr/lexicoscope/context.php?&idsent=s3812&idxml=LITT.fr.ABECASSIS.xml&user=userP&token=0d92be6ea1ce4207d1e630dcdb7cb230
peau	féminin	singulier	fine	féminin	singulier	fin	Oui	Ce garçon était si sculptural que passer la main sur sa musculature nerveuse donnait l'impression de caresser la peau fine et tendue d'un cheval sauvage.	s6287 	LITT : Sélection d’oeuvres de phraseorom (5M par sous-genre)	phraseotext.univ-grenoble-alpes.fr/lexicoscope/context.php?&idsent=s6287&idxml=LITT.fr.ABECASSIS.xml&user=userP&token=f93ffc632d0f011f90e95ca94da00a27
couche	féminin	singulier	fine	féminin	singulier	fin	Oui	Je porte une fine couche de tartre sur les dents, rapport au fait que j'ai oublié de me les brosser ce matin. 	s8097 	LITT : Sélection d’oeuvres de phraseorom (5M par sous-genre)	phraseotext.univ-grenoble-alpes.fr/lexicoscope/context.php?&idsent=s8097&idxml=LITT.fr.ABECASSIS.xml&user=userP&token=e16f9b9d5d043fa6a6b86873ceba197b
robe	féminin	singulier	fine	féminin	singulier	fin	Oui	La femme, adipeuse et sans grâce, portait une fine robe à bretelles couleur saumon fumé, totalement inadaptée à la température de cette fin de journée dans une gare glaciale.	s8331 	LITT : Sélection d’oeuvres de phraseorom (5M par sous-genre)	phraseotext.univ-grenoble-alpes.fr/lexicoscope/context.php?&idsent=s8331&idxml=LITT.fr.ABECASSIS.xml&user=userP&token=5046ff8a01d3dfbc0704e9689dfcc296
lames	féminin	pluriel	fines	féminin	pluriel	fin	Oui	Elle vise à obtenir des lames de pierre fines et aussi tranchantes que les couteaux d'aujourd'hui.	s206 	Corpus de presse du Monde, Figaro, Libération 2010-2015	phraseotext.univ-grenoble-alpes.fr/lexicoscope/context.php?&idsent=s206&idxml=lfi2010_2011.xml&user=userP&token=4af8f70a03e3f84bfd44aa8c69c1c17d
feuilles	féminin	pluriel	fines	féminin	pluriel	fin	Oui	Rians propose ainsi une crème dessert accompagnée d'un sachet d'éclats d'amandes et de noisettes, et Lactalis-Nestlé une mousse aromatisée La Laitière mélangée à de fines feuilles de chocolat noir.	s21079 	Corpus de presse du Monde, Figaro, Libération 2010-2015	phraseotext.univ-grenoble-alpes.fr/lexicoscope/context.php?&idsent=s21079&idxml=lfi2010_2011.xml&user=userP&token=94282261bc7ed2f2073bb4098f9f5a63
moustaches	féminin	pluriel	fines	féminin	pluriel	fin	Oui	La musique éclata sans crier gare, entraînante, joyeuse, et le grand rideau laissa échapper haut-de-forme, queue-de-pie, gants blancs et fines moustaches recourbées : l'incontournable M. Loyal.	s4126 	FY : Corpus fantastique de phraseorom	phraseotext.univ-grenoble-alpes.fr/lexicoscope/context.php?&idsent=s4126&idxml=FY.fr.ALBERT.xml&user=userP&token=e74a6a3eadb74dc4726ff34d9f3617f9
laine	féminin	singulier	fine	féminin	singulier	fin	Oui	Se détournant, la jeune reine entra dans sa tente où des tapis et des couvertures de fine laine avaient été installés.	s2209 	FY : Corpus fantastique de phraseorom	phraseotext.univ-grenoble-alpes.fr/lexicoscope/context.php?&idsent=s2209&idxml=FY.fr.ANGE.xml&user=userP&token=c8f8c8db7a3d0b273ad0cf7576c3398b
tissu	masculin	singulier	fin	masculin	singulier	fin	Oui	Marikani ne put s'empêcher de baisser les yeux sur ce que le tissu fin des vêtements du palais d'été, trempé, révélait sans qu'elle en ait conscience.	s8306 	FY : Corpus fantastique de phraseorom	phraseotext.univ-grenoble-alpes.fr/lexicoscope/context.php?&idsent=s8306&idxml=FY.fr.ANGE.xml&user=userP&token=c39ace833456452f4aee8787da06f458
matelas	masculin	singulier	fin	masculin	singulier	fin	Oui	Allongés sur un fin matelas de jute, sur le sol dallé, leurs deux corps enlacés recouverts d'un drap blanc.	s17595 	FY : Corpus fantastique de phraseorom	phraseotext.univ-grenoble-alpes.fr/lexicoscope/context.php?&idsent=s17595&idxml=FY.fr.ANGE.xml&user=userP&token=de388cf87b3f159c9bd335c1f2e66374
couple	masculin	singulier	beau	masculin	singulier	beau	Non	Tu verras, nous formerons un beau couple.	s3012 	LITT : Sélection d’oeuvres de phraseorom (5M par sous-genre)	phraseotext.univ-grenoble-alpes.fr/lexicoscope/context.php?&idsent=s3012&idxml=LITT.fr.BRUSSOLO3.xml&user=userP&token=3b2d5ea85606cfb2da80bcaa8cf7aeb0
couple	masculin	singulier	beau	masculin	singulier	beau	Non	Je n'avais jamais vu un aussi beau couple que celui que vous formiez tous les deux.	s7488 	LITT : Sélection d’oeuvres de phraseorom (5M par sous-genre)	phraseotext.univ-grenoble-alpes.fr/lexicoscope/context.php?&idsent=s7488&idxml=LITT.fr.CLAVEL3.xml&user=userP&token=eaa90c7bdc5d316c5cbd2609ffa7e0fb
couple	masculin	singulier	beau	masculin	singulier	beau	Non	Quelle merveilleuse nouvelle, et quel beau couple elle formait avec Méhy !	s4394 	LITT : Sélection d’oeuvres de phraseorom (5M par sous-genre)	phraseotext.univ-grenoble-alpes.fr/lexicoscope/context.php?&idsent=s4394&idxml=LITT.fr.JACQ.xml&user=userP&token=7220ec66c8230ecb0d3c05a7658105d0
couple	masculin	singulier	beau	masculin	singulier	beau	Non	ls formaient un très beau couple – m'a-t-il semblé, ce jour-là.	s1590 	LITT : Sélection d’oeuvres de phraseorom (5M par sous-genre)	phraseotext.univ-grenoble-alpes.fr/lexicoscope/context.php?&idsent=s1590&idxml=LITT.fr.MODIANO.xml&user=userP&token=85fb36594430dbbd6619102d18ff0326
couple	masculin	singulier	beau	masculin	singulier	beau	Non	Sans doute aussi se trouverait-il un jour, dans cette même société, un homme assez séduisant pour l'en consoler définitivement : cela ferait un beau couple qui ne déparerait pas, bien au contraire, ce petit Versailles charentais qu'était devenue notre bonne vieille ville. 	s183 	LITT : Sélection d’oeuvres de phraseorom (5M par sous-genre)	phraseotext.univ-grenoble-alpes.fr/lexicoscope/context.php?&idsent=s183&idxml=LITT.fr.SAGAN.xml&user=userP&token=a12cfa44d9aa148b56fda94d0dc525ee
couple	masculin	singulier	beau	masculin	singulier	beau	Non	Voyons un peu, laisse-nous voir... et comme les peintures rupestres au fond des cavernes percées, comme les momies dans les sépultures violées, au contact de l'air, de la lumière du dehors, ce beau couple amoureux va déteindre, se désagréger...	s1067 	LITT : Sélection d’oeuvres de phraseorom (5M par sous-genre)	phraseotext.univ-grenoble-alpes.fr/lexicoscope/context.php?&idsent=s1067&idxml=LITT.fr.SARRAUTE.xml&user=userP&token=6632b3f2445004d038eca556eb03ee4d
couple	masculin	singulier	beau	masculin	singulier	beau	Non	Le beau couple est saisi dans le mystère de l'attraction amoureuse et la magie de la jouissance, sur le chemin de l'amour.	s351908 	Corpus de presse du Monde, Figaro, Libération 2010-2015	phraseotext.univ-grenoble-alpes.fr/lexicoscope/context.php?&idsent=s351908&idxml=lfi2010_2011.xml&user=userP&token=c03a0259c53b51b5cf109960dc2b0788
couple	masculin	singulier	beau	masculin	singulier	beau	Non	Un beau couple sexagénaire fête ses 35 ans de mariage avec sa progéniture rassemblée dans la maison de campagne; le bonheur dans l'horreur.	s376581 	Corpus de presse du Monde, Figaro, Libération 2010-2015	phraseotext.univ-grenoble-alpes.fr/lexicoscope/context.php?&idsent=s376581&idxml=libe2010_2015.xml&user=userP&token=59ccb1950eb2bbd3dc26279e8078ba37
couple	masculin	singulier	beau	masculin	singulier	beau	Non	Il forme avec la fille de la mère indigne (la formidable Justine Crawford, 14 ans) un beau couple impassible, qui condamne son entourage par sa seule présence morale.	s757063 	Corpus de presse du Monde, Figaro, Libération 2010-2015	phraseotext.univ-grenoble-alpes.fr/lexicoscope/context.php?&idsent=s757063&idxml=libe2010_2015.xml&user=userP&token=9c333449c6e54cad29c0469e3efe9828
couple	masculin	singulier	beau	masculin	singulier	beau	Non	Maureen et Julian formaient alors un très beau couple, les deux familles entretenaient de solides liens d'amitié, l'avenir était assuré.	s708	SENT : Corpus sentimental de phraseorom	phraseotext.univ-grenoble-alpes.fr/lexicoscope/context.php?&idsent=s708&idxml=SENT.fr.BOURDIN.xml&user=userP&token=24927638b32757169c7d9f35cd57c8c2
marquise	féminin	singulier	belle	féminin	singulier	beau	Oui	En outre, si d'Épernon ne doutait certes pas que le monarque était par ailleurs un homme sale, sans raffinement du corps et de la tenue, il n'ignorait pas non plus que la belle marquise n'y trouvait point tant à redire à l'époque où elle imaginait en tirer les plus grands profits.	s9495 	LITT : Sélection d’oeuvres de phraseorom (5M par sous-genre)	phraseotext.univ-grenoble-alpes.fr/lexicoscope/context.php?&idsent=s9495&idxml=LITT.fr.FAJARDIE.xml&user=userP&token=ba589b8596c4532c73cd56c7506e3049
princesse	féminin	singulier	belle	féminin	singulier	beau	Oui	– Vous ne m'avez point demandé comment Monsieur de Nissac, lui, regardait la belle princesse espagnole ?	s10928 	LITT : Sélection d’oeuvres de phraseorom (5M par sous-genre)	phraseotext.univ-grenoble-alpes.fr/lexicoscope/context.php?&idsent=s10928&idxml=LITT.fr.FAJARDIE.xml&user=userP&token=c0e6c8c5fb7d526f9157c1f466d9938b
chevaux	masculin	pluriel	beaux	masculin	pluriel	beau	Oui	De beaux chevaux, peut-être trop beaux, menés par un moine qui dissimulait son visage et quatre hommes aux airs brutaux, aux impressionnantes mâchoires et aux yeux fous.	s11213 	LITT : Sélection d’oeuvres de phraseorom (5M par sous-genre)	phraseotext.univ-grenoble-alpes.fr/lexicoscope/context.php?&idsent=s11213&idxml=LITT.fr.FAJARDIE.xml&user=userP&token=386d2a4b94fec35f9d881b81199482d2
violon	masculin	singulier	beau	masculin	singulier	beau	Oui	C'était un beau violon, un « cadeau exceptionnel » avait dit son père en lui confiant l'instrument.	s984 	LITT : Sélection d’oeuvres de phraseorom (5M par sous-genre)	phraseotext.univ-grenoble-alpes.fr/lexicoscope/context.php?&idsent=s984&idxml=LITT.fr.ACHARD.xml&user=userP&token=0efb8d99345c498535b3bfed58aab697
baron	masculin	singulier	beau	masculin	singulier	beau	Oui	Si bien qu'on vit souvent, et pour le plus grand plaisir des dames qui se pressaient aux fenêtres, le jeune et très beau baron s'enfuir par les toits, nu, ce qui permettait de détailler son anatomie et de constater que sa réputation n'était point usurpée.	s12824 	LITT : Sélection d’oeuvres de phraseorom (5M par sous-genre)	phraseotext.univ-grenoble-alpes.fr/lexicoscope/context.php?&idsent=s12824&idxml=LITT.fr.FAJARDIE.xml&user=userP&token=8527089a61295dff86dfe7c5e0630126
fleurs	féminin	pluriel	belles	féminin	pluriel	beau	Oui	Alors je peux conquérir le monde, détourner les océans et les rivières, irriguer les déserts, te guérir des plus fortes fièvres, te parer des plus belles fleurs.	s10508 	LITT : Sélection d’oeuvres de phraseorom (5M par sous-genre)	phraseotext.univ-grenoble-alpes.fr/lexicoscope/context.php?&idsent=s10508&idxml=LITT.fr.PANCOL.xml&user=userP&token=0b0d60e3e3cca77e18f02603b442458e
maison	féminin	singulier	belle	féminin	singulier	beau	Oui	– Le grand maréchal Bertrand m'apprend que les mines ne fonctionnent plus depuis des semaines, que vous avez délaissé votre belle maison pour un logis à Porto Ferraio et que mon souhait est impossible à satisfaire en si peu de temps...	s3350 	LITT : Sélection d’oeuvres de phraseorom (5M par sous-genre)	phraseotext.univ-grenoble-alpes.fr/lexicoscope/context.php?&idsent=s3350&idxml=LITT.fr.RAMBAUD.xml&user=userP&token=c63445084d3ecebf7e8dbb86acba50b7
visage	masculin	singulier	beau	masculin	singulier	beau	Oui	Son beau visage était figé sur un rictus qui n'annonçait que détermination et cruauté.	s6381 	LITT : Sélection d’oeuvres de phraseorom (5M par sous-genre)	phraseotext.univ-grenoble-alpes.fr/lexicoscope/context.php?&idsent=s6381&idxml=LITT.fr.ROBERT.xml&user=userP&token=344adc724e872850a5b187e62a34b14e
pantalon	masculin	singulier	beau	masculin	singulier	beau	Oui	La gorge serrée, je les regardais, la tête renversée en arrière, reprenant mon souffle avec peine, mes mains couvertes de bave et d'écume posées sur mon beau pantalon neuf : un pantalon de nankin que Flora m'avait aussi fait acheter un jour de caprice.	s500 	LITT : Sélection d’oeuvres de phraseorom (5M par sous-genre)	phraseotext.univ-grenoble-alpes.fr/lexicoscope/context.php?&idsent=s500&idxml=LITT.fr.SAGAN.xml&user=userP&token=1fbf9d1535abf578fac7ec7ef50718f2
bateau	masculin	singulier	beau	masculin	singulier	beau	Oui	Alors il se souvint de l'admiration de Vendredi pour le beau bateau blanc, et comme il se balançait heureusement en riant d'une vergue à l'autre au-dessus des flots.	s1629 	LITT : Sélection d’oeuvres de phraseorom (5M par sous-genre)	phraseotext.univ-grenoble-alpes.fr/lexicoscope/context.php?&idsent=s1629&idxml=LITT.fr.TOURNIE2.xml&user=userP&token=ce1eee9971e6ee2e98015963b9486a20
journalistes	masculin	pluriel	grands	masculin	pluriel	grand	Non	– Non, il a peut-être un peu disjoncté sur la fin mais moi, je l'ai bien connu et je peux vous affirmer qu'il a été en son temps l'un des plus grands journalistes de Paris.	s919 	SF_COMP : corpus de SF comparable en-fr (années 1990)	phraseotext.univ-grenoble-alpes.fr/lexicoscope/context.php?&idsent=s919&idxml=SF.en_fr/patched/fr/WERBER_Le_Pere_de_nos_peres.xml.tei.xml&user=userP&token=16c91749d1f70abb713910f9d533f8da
journalistes	masculin	pluriel	grands	masculin	pluriel	grand	Non	Philippe Barrès sera aussi l'un des grands journalistes de son temps.	s47993 	Corpus de presse du Monde, Figaro, Libération 2010-2015	phraseotext.univ-grenoble-alpes.fr/lexicoscope/context.php?&idsent=s47993&idxml=lfi2010_2011.xml&user=userP&token=4e5af0c85227fb33233723a88ad23e71
journaliste	masculin	singulier	grand	masculin	singulier	grand	Non	Ce grand journaliste observa beaucoup et ses leçons portent loin.	s351466 	Corpus de presse du Monde, Figaro, Libération 2010-2015	phraseotext.univ-grenoble-alpes.fr/lexicoscope/context.php?&idsent=s351466&idxml=lfi2010_2011.xml&user=userP&token=86701de1de9a48a94288336580c1c1bf
journalistes	masculin	pluriel	grands	masculin	pluriel	grand	Non	Il aimait profondément les gens du métier, les grands journalistes, les professionnels.	s302373 	Corpus de presse du Monde, Figaro, Libération 2010-2015	phraseotext.univ-grenoble-alpes.fr/lexicoscope/context.php?&idsent=s302373&idxml=libe2010_2015.xml&user=userP&token=b14b4fc84a5225fa8614516fd63eefa5
journalistes	masculin	pluriel	grands	masculin	pluriel	grand	Non	Micha Shagrir, 76 ans, l'un des grands journalistes et cinéastes d'Israël, a perdu sa femme, Aliza, 32 ans à l'époque, brillante journaliste, qui marchait sur le trottoir de la rue Copernic, le 3 octobre 1980, partie acheter des pistaches à la boutique libanaise en face de la synagogue.	s386219 	Corpus de presse du Monde, Figaro, Libération 2010-2015	phraseotext.univ-grenoble-alpes.fr/lexicoscope/context.php?&idsent=s386219&idxml=libe2010_2015.xml&user=userP&token=216d9bb142026e2f85fed3ae1652a7c0
journalistes	masculin	pluriel	grands	masculin	pluriel	grand	Non	Dans les années 1980, Dele Olojede était l'un de ces grands journalistes nigérians qui défiaient la dictature militaire.	s300106 	Corpus de presse du Monde, Figaro, Libération 2010-2015	phraseotext.univ-grenoble-alpes.fr/lexicoscope/context.php?&idsent=s300106&idxml=lm2010_2015.xml&user=userP&token=1baaf091f85aa8f8cfead6690c8c060b
journaliste	masculin	singulier	grand	masculin	singulier	grand	Non	C'était un grand journaliste, très attaché à la liberté de la presse, et sa voix nous manquera.	s525732 	Corpus de presse du Monde, Figaro, Libération 2010-2015	phraseotext.univ-grenoble-alpes.fr/lexicoscope/context.php?&idsent=s525732&idxml=lm2010_2015.xml&user=userP&token=bd667e4f045addcf1f8b541804d356c1
journaliste	féminin	singulier	grande	féminin	singulier	grand	Non	Et, ce faisant, Delahousse rendait hommage à la grande journaliste de télévision (aujourd'hui patronne du site français du Huffington Post, groupe Le Monde), en usant des armes de sa consoeur (yeux bleus, regard droit, questions polies mais fermement réitérées jusqu'à obtention d'une réponse satisfaisante).	s898864 	Corpus de presse du Monde, Figaro, Libération 2010-2015	phraseotext.univ-grenoble-alpes.fr/lexicoscope/context.php?&idsent=s898864&idxml=lm2010_2015.xml&user=userP&token=95825b6baf6e9a143973f542553c4388
journaliste	masculin	singulier	grand	masculin	singulier	grand	Non	Voilà le mot qui résumerait le mieux, si l'on osait, le grand journaliste qui vient de nous quitter.	s1463958 	Corpus de presse du Monde, Figaro, Libération 2010-2015	phraseotext.univ-grenoble-alpes.fr/lexicoscope/context.php?&idsent=s1463958&idxml=lm2010_2015.xml&user=userP&token=5601c43763fb4952f37546d99d21d980
journaliste	masculin	singulier	grand	masculin	singulier	grand	Non	En 1956, je me trouvais à la table d'un grand journaliste, Pierre Lazareff.	s7647 	GEN : Corpus général de phraseorom	phraseotext.univ-grenoble-alpes.fr/lexicoscope/context.php?&idsent=s7647&idxml=GEN.fr.GARY.xml&user=userP&token=9b9a999aa706c49bdaff559a6ceedbe3
salle	féminin	singulier	grande	féminin	singulier	grand	Oui	On nous a fait entrer tous les deux dans la grande salle où il y avait d'autres cas.	s6102 	LITT : Sélection d’oeuvres de phraseorom (5M par sous-genre)	phraseotext.univ-grenoble-alpes.fr/lexicoscope/context.php?&idsent=s6102&idxml=LITT.fr.AJAR.xml&user=userP&token=47a7aa17223727748b195440a8707bcd
arbres	masculin	pluriel	grands	masculin	pluriel	grand	Oui	Le mouvement des grands arbres dans l'air nocturne, le crépitement de la pluie battant les frondaisons, la blancheur tombée des lunes sur les feuillages humides.	s812 	LITT : Sélection d’oeuvres de phraseorom (5M par sous-genre)	phraseotext.univ-grenoble-alpes.fr/lexicoscope/context.php?&idsent=s812&idxml=LITT.fr.ALBERT.xml&user=userP&token=e86dfb820bcce60bfa0517f0b918ddcd
escalier	masculin	singulier	grand	masculin	singulier	grand	Oui	Bien entendu, seuls quelques journalistes de renom avaient obtenu leur badge d'accès et la plèbe de la profession devait se contenter de la montée des marches, troupeau turbulent parqué au pied du grand escalier derrière un épais cordon doré.	s966 	LITT : Sélection d’oeuvres de phraseorom (5M par sous-genre)	phraseotext.univ-grenoble-alpes.fr/lexicoscope/context.php?&idsent=s966&idxml=LITT.fr.ALBERT.xml&user=userP&token=eec7c3d95df470b0457f902779da8104
supermarché	masculin	singulier	grand	masculin	singulier	grand	Oui	C'était une chose de remplir pensivement un caddie en arpentant les rayons d'un grand supermarché, pour ensuite aller charger le coffre de sa spacieuse voiture, avant de se faire déposer chez soi.	s1853 	LITT : Sélection d’oeuvres de phraseorom (5M par sous-genre)	phraseotext.univ-grenoble-alpes.fr/lexicoscope/context.php?&idsent=s1853&idxml=LITT.fr.ABECASSIS.xml&user=userP&token=d723c31273234733f495591eecf415f7
chapiteau	masculin	singulier	grand	masculin	singulier	grand	Oui	Sur ce, roulements de tambour, fanfare solennelle, et entrée en piste... d'un lutin et d'une lupronne, particulièrement minuscules sous ce grand chapiteau.	s4306 	LITT : Sélection d’oeuvres de phraseorom (5M par sous-genre)	phraseotext.univ-grenoble-alpes.fr/lexicoscope/context.php?&idsent=s4306&idxml=LITT.fr.ALBERT.xml&user=userP&token=3904cab3b197c785900186d2c50d6de1
écurie	féminin	singulier	grande	féminin	singulier	grand	Oui	À nones, Nicolas franchit la porte qui conduisait aux jardins et se dirigea vers la grande écurie.	s19772 	LITT : Sélection d’oeuvres de phraseorom (5M par sous-genre)	phraseotext.univ-grenoble-alpes.fr/lexicoscope/context.php?&idsent=s19772&idxml=LITT.fr.DAILLON.xml&user=userP&token=2e345c4a244b5b78b900a27fb8ee02ae
chapeau	masculin	singulier	grand	masculin	singulier	grand	Oui	Comme Henri était le seul à avoir un grand chapeau à panache, personne ne pouvait se tromper en le désignant.	s20855 	LITT : Sélection d’oeuvres de phraseorom (5M par sous-genre)	phraseotext.univ-grenoble-alpes.fr/lexicoscope/context.php?&idsent=s20855&idxml=LITT.fr.DAILLON.xml&user=userP&token=85ba8878e9fbddd6406b5ded5e1e6179
couteau	masculin	singulier	grand	masculin	singulier	grand	Oui	Il termina une courte lettre qu'il laissa sur sa table, prit le grand couteau acheté la veille et l'attacha sous sa robe.	s22090 	LITT : Sélection d’oeuvres de phraseorom (5M par sous-genre)	phraseotext.univ-grenoble-alpes.fr/lexicoscope/context.php?&idsent=s22090&idxml=LITT.fr.DAILLON.xml&user=userP&token=622af2f181b443f5d047a9b98cffcf26
îles	féminin	pluriel	grandes	féminin	pluriel	grand	Oui	Trois jours de beau laissent apparaître de grandes îles, mais rien de continu, rien qui s'étende, des bouts d'archipel, ça et là, un peu partout.	s4931 	LITT : Sélection d’oeuvres de phraseorom (5M par sous-genre)	phraseotext.univ-grenoble-alpes.fr/lexicoscope/context.php?&idsent=s4931&idxml=LITT.fr.DAMASIO.xml&user=userP&token=eb6b4f0c301a241372a58cdf324395c0
panneaux	masculin	pluriel	grands	masculin	pluriel	grand	Oui	Les piles des tours ne tiendraient pas sous l'abrasion si les pionniers n'avaient eu l'idée et le culot d'installer, que dis-je, de cribler le lit du fleuve de grands panneaux en métal inclinés, sur lesquels vient buter le courant.	s8534 	LITT : Sélection d’oeuvres de phraseorom (5M par sous-genre)	phraseotext.univ-grenoble-alpes.fr/lexicoscope/context.php?&idsent=s8534&idxml=LITT.fr.DAMASIO.xml&user=userP&token=b6b6b49693b472815023d495235882d7
idée	féminin	singulier	brillante	féminin	singulier	brillant	Non	En créant cette activité, Scott Mc Nealy, l'ancien PDG de Sun Microsystems, savait qu'il avait entre les mains une idée brillante.	s397452 	Corpus de presse du Monde, Figaro, Libération 2010-2015	phraseotext.univ-grenoble-alpes.fr/lexicoscope/context.php?&idsent=s397452&idxml=lfi2010_2011.xml&user=userP&token=f980473b1745347dca7d86be9003ad0d
idée	féminin	singulier	brillante	féminin	singulier	brillant	Non	"Selon son entourage, il était ""absolument à jeun"" et a essayé d'uriner dans une bouteille, sur une brillante idée d'Edouard Baer, qui l'accompagnait."	s48065 	Corpus de presse du Monde, Figaro, Libération 2010-2015	phraseotext.univ-grenoble-alpes.fr/lexicoscope/context.php?&idsent=s48065&idxml=libe2010_2015.xml&user=userP&token=9060c08002d964ef7ca63b630045e8a7
idée	féminin	singulier	brillante	féminin	singulier	brillant	Non	Sa compagne, Bahia, en a eu la brillante idée, conformément à sa nature fantasque, tête brûlée, où s'amalgament une drôle d'hystérie politique et une sexualité débridée.	s417608 	Corpus de presse du Monde, Figaro, Libération 2010-2015	phraseotext.univ-grenoble-alpes.fr/lexicoscope/context.php?&idsent=s417608&idxml=libe2010_2015.xml&user=userP&token=df5d46c1ba4d684c0037e0b2701c649d
idée	féminin	singulier	brillante	féminin	singulier	brillant	Non	Il n'avait pas manifesté assez d'enthousiasme face à la brillante idée du président, bien décidé à faire venir 500 parachutistes de province vers la capitale ukrainienne, au cas où les choses tourneraient mal.	s833261 	Corpus de presse du Monde, Figaro, Libération 2010-2015	phraseotext.univ-grenoble-alpes.fr/lexicoscope/context.php?&idsent=s833261&idxml=lm2010_2015.xml&user=userP&token=ac8b5d0036608b60e85d1acbe565090f
idée	féminin	singulier	brillante	féminin	singulier	brillant	Non	Ces bestioles ont une force de tous les diables, je ne sais pas où elle l'a dénichée mais c'est une idée brillante.	s25500 	FY : Corpus fantastique de phraseorom	phraseotext.univ-grenoble-alpes.fr/lexicoscope/context.php?&idsent=s25500&idxml=FY.fr.CAILLET.xml&user=userP&token=c884b71507d6dc1bc4fff8905a0436b6
idée	féminin	singulier	brillante	féminin	singulier	brillant	Non	Le Surintendant avait eu la brillante idée d'instaurer un principe de convocation régulière de ses informateurs évoluant dans le milieu des books.	s1424 	FY : Corpus fantastique de phraseorom	phraseotext.univ-grenoble-alpes.fr/lexicoscope/context.php?&idsent=s1424&idxml=FY.fr.HELIOT.xml&user=userP&token=97daf794a394d979ec1c03920334efc4
idée	féminin	singulier	brillante	féminin	singulier	brillant	Non	En attendant d'avoir une idée brillante, je vais vous mettre en lieu sûr.	s15104 	FY : Corpus fantastique de phraseorom	phraseotext.univ-grenoble-alpes.fr/lexicoscope/context.php?&idsent=s15104&idxml=FY.fr.ROBILLARD.xml&user=userP&token=b45ceb512125902629d84b64011f053d
idée	féminin	singulier	brillante	féminin	singulier	brillant	Non	Heureusement que ton frère a eu la brillante idée de renverser son godet sur sa robe, sinon je ne sais pas comment je m'en serais dépêtré.	s12942 	FY : Corpus fantastique de phraseorom	phraseotext.univ-grenoble-alpes.fr/lexicoscope/context.php?&idsent=s12942&idxml=FY.fr.THOMAS.xml&user=userP&token=c6108296c9c53b853994804c1e746735
idée	féminin	singulier	brillante	féminin	singulier	brillant	Non	Non, mais sérieusement, repris-je avec entrain, comme si cette brillante idée venait de me traverser la tête, que feriez-vous si je vous aimais pour de bon ?	s16623 	GEN : Corpus général de phraseorom	phraseotext.univ-grenoble-alpes.fr/lexicoscope/context.php?&idsent=s16623&idxml=GEN.fr.SAGAN.xml&user=userP&token=6c1019fc0ef6e67e6c4d46fe268e7898
idée	féminin	singulier	brillante	féminin	singulier	brillant	Non	Elle ne peut même pas lui faire savoir qu'elle a eu, pour sauver leur famille, une idée brillante.	s3672 	LITT : Sélection d’oeuvres de phraseorom (5M par sous-genre)	phraseotext.univ-grenoble-alpes.fr/lexicoscope/context.php?&idsent=s3672&idxml=LITT.fr.CHANDERNAGOR.xml&user=userP&token=e0c0dd721b6ee012a646524f0371c9ef
lèvres	féminin	pluriel	brillantes	féminin	pluriel	brillant	Oui	Avec mes cheveux dont le savant décoiffage était fixé à la laque, mes yeux charbonneux, mes faux cils, mes lèvres brillantes, mes faux ongles laqués, j'étais au maximum de mes capacités de séduction.	s2793 	LITT : Sélection d’oeuvres de phraseorom (5M par sous-genre)	phraseotext.univ-grenoble-alpes.fr/lexicoscope/context.php?&idsent=s2793&idxml=LITT.fr.ABECASSIS.xml&user=userP&token=9125139b2771783e09df069bf8562838
veine	féminin	singulier	brillante	féminin	singulier	brillant	Oui	Une longue veine de pierre blanche et brillante courait sur la gauche, éclairant le passage d'une lueur maladive.	s6837 	LITT : Sélection d’oeuvres de phraseorom (5M par sous-genre)	phraseotext.univ-grenoble-alpes.fr/lexicoscope/context.php?&idsent=s6837&idxml=LITT.fr.ANGE.xml&user=userP&token=d7512d6727950202e1420c33478b4461
épées	féminin	pluriel	brillantes	féminin	pluriel	brillant	Oui	Par bonheur le marché était gardé, et les gardes étaient braves et armés d'épées brillantes.	s8666 	LITT : Sélection d’oeuvres de phraseorom (5M par sous-genre)	phraseotext.univ-grenoble-alpes.fr/lexicoscope/context.php?&idsent=s8666&idxml=LITT.fr.ANGE.xml&user=userP&token=f1cbd43c9efb27db068c02a1fd415b94
boule	féminin	singulier	brillante	féminin	singulier	brillant	Oui	Au milieu de la prairie se dressaient quelques arbres, quatre, qui, en raison de leur rapprochement, formaient de toutes leurs feuilles réunies une boule ronde et brillante.	s842 	LITT : Sélection d’oeuvres de phraseorom (5M par sous-genre)	phraseotext.univ-grenoble-alpes.fr/lexicoscope/context.php?&idsent=s842&idxml=LITT.fr.AUGIERAS.xml&user=userP&token=c0b9ac452429c55a7c6b88ec87f57ca0
constellations	féminin	pluriel	brillantes	féminin	pluriel	brillant	Oui	Parmi les constellations brillantes, se détachant sur le noir de l'espace, un disque vert, émettant une étrange phosphorescence, grossissait rapidement.	s2513 	LITT : Sélection d’oeuvres de phraseorom (5M par sous-genre)	phraseotext.univ-grenoble-alpes.fr/lexicoscope/context.php?&idsent=s2513&idxml=LITT.fr.GUIEU.xml&user=userP&token=eca2f755a8c05ed69607c6b55b33f976
tissu	masculin	singulier	brillant	masculin	singulier	brillant	Oui	Ce qu'il vit lui coupa le souffle : une fille splendide, au galbe irréprochable, vêtue d'un deux-pièces en tissu brillant, couleur corail, gisait, inanimée.	s897 	LITT : Sélection d’oeuvres de phraseorom (5M par sous-genre)	phraseotext.univ-grenoble-alpes.fr/lexicoscope/context.php?&idsent=s897&idxml=LITT.fr.BARBET.xml&user=userP&token=d98351897e6d19564648848d5451d733
cuirasse	féminin	singulier	brillante	féminin	singulier	brillant	Oui	Ils s'approchèrent, comme jadis les garçons d'E'Ria, passèrent un doigt précautionneux sur ma brillante cuirasse d'astronaute.	s3144 	LITT : Sélection d’oeuvres de phraseorom (5M par sous-genre)	phraseotext.univ-grenoble-alpes.fr/lexicoscope/context.php?&idsent=s3144&idxml=LITT.fr.HENNEBERG.xml&user=userP&token=24f4bedba36bfc5c0d0ba781dd1dd16c
sphère	féminin	singulier	brillante	féminin	singulier	brillant	Oui	De fait, la sphère était lisse et brillante comme une boule de flipper.	s5042 	LITT : Sélection d’oeuvres de phraseorom (5M par sous-genre)	phraseotext.univ-grenoble-alpes.fr/lexicoscope/context.php?&idsent=s5042&idxml=LITT.fr.BOISSET.xml&user=userP&token=f9fa73eef9572ed92c4ab534fc9fd7ab
halo	masculin	singulier	brillant	masculin	singulier	brillant	Oui	Sans attendre sa réponse, l'inconnu la poussa vers le halo jaune et brillant qui éclairait une parcelle de l'immense pièce, découvrant ainsi son visage.	s5621 	LITT : Sélection d’oeuvres de phraseorom (5M par sous-genre)	phraseotext.univ-grenoble-alpes.fr/lexicoscope/context.php?&idsent=s5621&idxml=LITT.fr.BOUSQUET.xml&user=userP&token=48878116c41d980d15e29b7c3b08a3c0
pièces	féminin	pluriel	brillantes	féminin	pluriel	brillant	Oui	Modenko leur jeta une poignée de pièces brillantes qu'ils ramassèrent avec un grand respect.	s2447 	LITT : Sélection d’oeuvres de phraseorom (5M par sous-genre)	phraseotext.univ-grenoble-alpes.fr/lexicoscope/context.php?&idsent=s2447&idxml=LITT.fr.BRUSSOLO.xml&user=userP&token=6ee81a68ba7941e7a1ec2ff7e4ad669d
élève	masculin	singulier	brillant	masculin	singulier	brillant	Non	J'étais un élève brillant et nous nous sommes rapidement liés d'amitié.	s1206 	POLv2 : Corpus policier de phraseorom	phraseotext.univ-grenoble-alpes.fr/lexicoscope/context.php?&idsent=s1206&idxml=POL.fr.DELAFOSSE.xml&user=userP&token=c81158e2c3fa8afe72422b67b6d11b6b
élève	féminin	singulier	brillante	féminin	singulier	brillant	Non	Elle me sourit tendrement, presque maternelle, sous le visage de la vieille dame j'aperçois distinctement les traits de la plus brillante élève d'Élisabeth Schwartzkopf.	s9488 	LITT : Sélection d’oeuvres de phraseorom (5M par sous-genre)	phraseotext.univ-grenoble-alpes.fr/lexicoscope/context.php?&idsent=s9488&idxml=LITT.fr.DANTEC2.xml&user=userP&token=5725489a9afbdf1a7f613c9806e715ab
élèves	masculin	pluriel	brillants	masculin	pluriel	brillant	Non	Il avait pour vocation d'aider des élèves brillants mais défavorisés à poursuivre leurs études en attribuant des bourses.	s2952 	LITT : Sélection d’oeuvres de phraseorom (5M par sous-genre)	phraseotext.univ-grenoble-alpes.fr/lexicoscope/context.php?&idsent=s2952&idxml=LITT.fr.MUSSO.xml&user=userP&token=a37f7561f11840aa38c45cd1c0a14342
élève	masculin	singulier	brillant	masculin	singulier	brillant	Non	Cette mémorable nuit, le plus brillant élève de la célèbre école fut chassé ignominieusement. 	s3748 	POLv2 : Corpus policier de phraseorom	phraseotext.univ-grenoble-alpes.fr/lexicoscope/context.php?&idsent=s3748&idxml=POL.fr.LENTERIC.xml&user=userP&token=581de3afb2dee8df535c3235f806aa29
élèves	masculin	pluriel	brillants	masculin	pluriel	brillant	Non	Il laissait volontiers le soin de régler les rares différends entre éleveurs à ses subordonnés, fonctionnaires compétents à défaut d'être zélés, recrutés parmi les plus brillants élèves instruits à l'école du palais.	s6329 	FY : Corpus fantastique de phraseorom	phraseotext.univ-grenoble-alpes.fr/lexicoscope/context.php?&idsent=s6329&idxml=FY.fr.HELIOT.xml&user=userP&token=5813ffb8257f68d496a53cf18572e8ce
élève	féminin	singulier	brillante	féminin	singulier	brillant	Non	– Parce que tu es une élève brillante et valeureuse, j'accède à ta requête.	s32415 	FY : Corpus fantastique de phraseorom	phraseotext.univ-grenoble-alpes.fr/lexicoscope/context.php?&idsent=s32415&idxml=FY.fr.PERU.xml&user=userP&token=f26387aab8bdea0e153740292ad17a29
élève	féminin	singulier	brillante	féminin	singulier	brillant	Non	L'esprit toujours limpide comme de l'eau de source, elle avait été sa plus brillante élève, après Wellan, et, aujourd'hui, elle portait fièrement la cuirasse des Chevaliers d'Émeraude.	s61377 	FY : Corpus fantastique de phraseorom	phraseotext.univ-grenoble-alpes.fr/lexicoscope/context.php?&idsent=s61377&idxml=FY.fr.ROBILLARD.xml&user=userP&token=347eab4972f4894fd73631417f7179f6
élève	masculin	singulier	brillant	masculin	singulier	brillant	Non	J'étais un élève brillant, mais c'est une chose dont mon père ne tirait aucune vanité, dont il prenait presque ombrage.	s59089 	Corpus de presse du Monde, Figaro, Libération 2010-2015	phraseotext.univ-grenoble-alpes.fr/lexicoscope/context.php?&idsent=s59089&idxml=libe2010_2015.xml&user=userP&token=b9f9993da65fc2321e383afc20b9167e
élèves	masculin	pluriel	brillants	masculin	pluriel	brillant	Non	Elle forme de brillants élèves, peu nombreux et généralement issus de milieux favorisés, qui vont constituer une petite élite éclairée.	s794935 	Corpus de presse du Monde, Figaro, Libération 2010-2015	phraseotext.univ-grenoble-alpes.fr/lexicoscope/context.php?&idsent=s794935&idxml=libe2010_2015.xml&user=userP&token=ec7a2ce85d9c8e058701d494e395dcdd
élève	masculin	singulier	brillant	masculin	singulier	brillant	Non	Je n'avais rien d'un élève brillant, j'étais plutôt du genre bosseur acharné.	s368 	ARLv2 : Corpus Harlequin de phraseorom	phraseotext.univ-grenoble-alpes.fr/lexicoscope/context.php?&idsent=s368&idxml=ARL.fr.MUSSO.xml&user=userP&token=c785eedeb8f117a92529ebab2fd7e753
éclats	masculin	pluriel	brillants	masculin	pluriel	brillant	Oui	Lentement, l'astre grossit, se déploya et se désagrégea, donnant naissance à une multitude d'éclats brillants.	s9157 	LITT : Sélection d’oeuvres de phraseorom (5M par sous-genre)	phraseotext.univ-grenoble-alpes.fr/lexicoscope/context.php?&idsent=s9157&idxml=LITT.fr.CAILLET.xml&user=userP&token=22589d8b01e03afd1cf86073a9c7b2e5
dents	féminin	pluriel	brillantes	féminin	pluriel	brillant	Oui	Il se referma brusquement et son sourire factice redécouvrit ses dents brillantes.	s9368 	LITT : Sélection d’oeuvres de phraseorom (5M par sous-genre)	phraseotext.univ-grenoble-alpes.fr/lexicoscope/context.php?&idsent=s9368&idxml=LITT.fr.CHATTAM.xml&user=userP&token=02f64339503653f4dcbd56c16d693d05
lunettes	féminin	pluriel	brillantes	féminin	pluriel	brillant	Oui	Elle me fixait au fond des yeux, le visage tendu, les lunettes brillantes sous la frange de cheveux argent.	s350 	LITT : Sélection d’oeuvres de phraseorom (5M par sous-genre)	phraseotext.univ-grenoble-alpes.fr/lexicoscope/context.php?&idsent=s350&idxml=LITT.fr.CHESSEX.xml&user=userP&token=fc425283bae894b43aa85af9225d7f02
chaussures	féminin	pluriel	brillantes	féminin	pluriel	brillant	Oui	Et les hommes portaient des complets fringants, des chaussures brillantes, les femmes des cotonnades colorées.	s1622 	LITT : Sélection d’oeuvres de phraseorom (5M par sous-genre)	phraseotext.univ-grenoble-alpes.fr/lexicoscope/context.php?&idsent=s1622&idxml=LITT.fr.CURVAL.xml&user=userP&token=a32a9770b147a2562a0a8fe90e24c770
cristaux	masculin	pluriel	brillants	masculin	pluriel	brillant	Oui	De nouveau, je m'attarde sur les cristaux brillants de son intérieur, tandis que son enveloppe neutre ne laisse rien soupçonner.	s4614 	LITT : Sélection d’oeuvres de phraseorom (5M par sous-genre)	phraseotext.univ-grenoble-alpes.fr/lexicoscope/context.php?&idsent=s4614&idxml=LITT.fr.DEGHELT.xml&user=userP&token=fb447106c1dc11114671971bc75cedc2
lame	féminin	singulier	brillante	féminin	singulier	brillant	Oui	Miriam à ces mots plonge la main vers la cassette posée à côté d'elle, extrait de l'inépuisable boîte à beauté un joli couteau à manche nacré qui met au clair une lame brillante, étroite, longue de deux doigts au moins, qu'elle empoigne avec résolution.	s325 	LITT : Sélection d’oeuvres de phraseorom (5M par sous-genre)	phraseotext.univ-grenoble-alpes.fr/lexicoscope/context.php?&idsent=s325&idxml=LITT.fr.DEMANDIARGUES.xml&user=userP&token=ac02bf19f70db999b77956a33c21e7ba
lune	féminin	singulier	brillante	féminin	singulier	brillant	Oui	La lune brillante illumine tout au-dehors.	s7231 	LITT : Sélection d’oeuvres de phraseorom (5M par sous-genre)	phraseotext.univ-grenoble-alpes.fr/lexicoscope/context.php?&idsent=s7231&idxml=LITT.fr.DICKER.xml&user=userP&token=6dac9cb087670d9c888e6f9e7d539f48
métal	masculin	singulier	brillant	masculin	singulier	brillant	Oui	Son ombre file contre les parois de métal brillant et les rails de lumière verte paraissent se rejoindre devant lui, dans l'infinie obscurité des entrailles de la terre.	s2959 	LITT : Sélection d’oeuvres de phraseorom (5M par sous-genre)	phraseotext.univ-grenoble-alpes.fr/lexicoscope/context.php?&idsent=s2959&idxml=LITT.fr.DUFOUR2.xml&user=userP&token=815d6a149dad16d1693980b8a735e639
anneau	masculin	singulier	brillant	masculin	singulier	brillant	Oui	L'anneau brillant qu'il portait à la narine droite accrocha la lumière des réverbères tandis que la lame d'une hachette se laissait deviner sous son manteau.	s32474 	FY : Corpus fantastique de phraseorom	phraseotext.univ-grenoble-alpes.fr/lexicoscope/context.php?&idsent=s32474&idxml=FY.fr.ROBERT.xml&user=userP&token=0061d67733058f6208970f5cf2c665c5
aiguilles	féminin	pluriel	brillantes	féminin	pluriel	brillant	Oui	Leur extrémité supérieure était recouverte d'une gerbe d'aiguilles brillantes, comme de l'acier poli.	s640 	LITT : Sélection d’oeuvres de phraseorom (5M par sous-genre)	phraseotext.univ-grenoble-alpes.fr/lexicoscope/context.php?&idsent=s640&idxml=LITT.fr.GUIEU.xml&user=userP&token=c0a45ef2e3313106c3b4ecdc2360a97a
ouïe	féminin	singulier	fine	féminin	singulier	fin	Non	Il a surgi dans mon dos sans que je l'entende, et pourtant j'ai l'ouïe fine.	s1008 	LITT : Sélection d’oeuvres de phraseorom (5M par sous-genre)	phraseotext.univ-grenoble-alpes.fr/lexicoscope/context.php?&idsent=s1008&idxml=LITT.fr.AUBERT.xml&user=userP&token=82e5c22e3a8372f98f7424e4c5f967e9
ouïe	féminin	singulier	fine	féminin	singulier	fin	Non	Les grands-ducs ont l'ouïe fine.	s7445 	LITT : Sélection d’oeuvres de phraseorom (5M par sous-genre)	phraseotext.univ-grenoble-alpes.fr/lexicoscope/context.php?&idsent=s7445&idxml=LITT.fr.BOISSET.xml&user=userP&token=6a53a4276b38ef916f560f6d17352f94
ouïe	féminin	singulier	fine	féminin	singulier	fin	Non	J'avais beau essayer de partir sur la pointe des pieds, elle avait l'ouïe très fine.	s1698 	LITT : Sélection d’oeuvres de phraseorom (5M par sous-genre)	phraseotext.univ-grenoble-alpes.fr/lexicoscope/context.php?&idsent=s1698&idxml=LITT.fr.IONESCO.xml&user=userP&token=1151743cbe7d3c8764bae432dfa68cf5
ouïe	féminin	singulier	fine	féminin	singulier	fin	Non	Il devait avoir une ouïe fine car on pouvait douter qu'à cette distance un homme, à travers l'air battu par les eaux du fleuve, pût entendre.	s476 	LITT : Sélection d’oeuvres de phraseorom (5M par sous-genre)	phraseotext.univ-grenoble-alpes.fr/lexicoscope/context.php?&idsent=s476&idxml=LITT.fr.SCHMITT.xml&user=userP&token=a0bf57541e80abd81b2ed43e74e039d4
ouïe	féminin	singulier	fine	féminin	singulier	fin	Non	La gamine avait l'ouïe fine, et le regard assez perçant pour distinguer les lynx à l'entrée du domaine.	s5580 	LITT : Sélection d’oeuvres de phraseorom (5M par sous-genre)	phraseotext.univ-grenoble-alpes.fr/lexicoscope/context.php?&idsent=s5580&idxml=LITT.fr.THOMAS.xml&user=userP&token=c9a4696450ae0267290c469298b365c2
ouïe	féminin	singulier	fine	féminin	singulier	fin	Non	Son ouïe particulièrement fine lui permettait de saisir un léger murmure dans le salon voisin.	s11246 	SF : Corpus de science-fiction de phraseorom	phraseotext.univ-grenoble-alpes.fr/lexicoscope/context.php?&idsent=s11246&idxml=SF.fr.DEMUTH.xml&user=userP&token=edc8fde6f7e5cf78c1e5e27865be2153
ouïe	féminin	singulier	fine	féminin	singulier	fin	Non	Mais les visiteurs clandestins ignoraient jusqu'à quel point ils avaient l'ouïe fine.	s14381 	SF : Corpus de science-fiction de phraseorom	phraseotext.univ-grenoble-alpes.fr/lexicoscope/context.php?&idsent=s14381&idxml=SF.fr.GENEFORT.xml&user=userP&token=acdf1d97665666f314b957d168ff3131
ouïe	féminin	singulier	fine	féminin	singulier	fin	Non	J'ai essayé de ne pas faire de bruit, mais elle a l'ouïe fine et le sommeil léger.	s13191 	SF : Corpus de science-fiction de phraseorom	phraseotext.univ-grenoble-alpes.fr/lexicoscope/context.php?&idsent=s13191&idxml=SF.fr.WAGNER.xml&user=userP&token=35e528f591df8751c7695182c82d4840
ouïe	féminin	singulier	fine	féminin	singulier	fin	Non	Je sais, grâce à mon ouïe très fine, deviner quand elle surgit derrière moi.	s68549 	SF : Corpus de science-fiction de phraseorom	phraseotext.univ-grenoble-alpes.fr/lexicoscope/context.php?&idsent=s68549&idxml=SF.fr.WERBER.xml&user=userP&token=5af6ba37a5c9f22a6e5b6c40deac58ac
ouïe	féminin	singulier	fine	féminin	singulier	fin	Non	Aussitôt d'autres paranoïaques qui, obsession oblige, ont développé une ouïe plus fine que la moyenne, approchent et les encerclent.	s30612 	SF : Corpus de science-fiction de phraseorom	phraseotext.univ-grenoble-alpes.fr/lexicoscope/context.php?&idsent=s30612&idxml=SF.fr.WERBER.xml&user=userP&token=718502bbc1e0ad6a99d5f41c4ddddeab
moustache	féminin	singulier	fine	féminin	singulier	fin	Oui	Il reconnaît Valičík, teint en brun, affublé d'une fine moustache brune, et Kubiš, l'oeil gonflé, le visage encore marqué, qui manifestent le plus bruyamment leur joie de le revoir.	s5197 	HIST : Corpus historique de phraseorom	phraseotext.univ-grenoble-alpes.fr/lexicoscope/context.php?&idsent=s5197&idxml=HIST.fr.BINET.xml&user=userP&token=cacb790db40c057d1665377679b0c970
membrane	féminin	singulier	fine	féminin	singulier	fin	Oui	Il se sentit soudain comme suspendu avec elle dans une bulle spatio-temporelle, séparé des autres par une fine membrane invisible, une bulle où ils parlaient un langage perceptible à eux seuls.	s2676 	POLv2 : Corpus policier de phraseorom	phraseotext.univ-grenoble-alpes.fr/lexicoscope/context.php?&idsent=s2676&idxml=POL.fr.AUBERT.xml&user=userP&token=8a2dc94a61e43e9ca2806d1f57cab926
sandales	féminin	pluriel	fines	féminin	pluriel	fin	Oui	Elle portait un sari chatoyant, dans les tons orangés, et de fines sandales Gucci en cuir tressé.	s5047 	POLv2 : Corpus policier de phraseorom	phraseotext.univ-grenoble-alpes.fr/lexicoscope/context.php?&idsent=s5047&idxml=POL.fr.AUBERT.xml&user=userP&token=8bdbc7c37dc5fd91b864c29380bdafb3
pattes	féminin	pluriel	fines	féminin	pluriel	fin	Oui	Le papillon vint se poser sur les lèvres, frotta ses fines pattes contre la langue.	s7341 	POLv2 : Corpus policier de phraseorom	phraseotext.univ-grenoble-alpes.fr/lexicoscope/context.php?&idsent=s7341&idxml=POL.fr.AUBERT.xml&user=userP&token=b9d5b6ed2ee24ef8b1cdc671d9840b1a
lunettes	féminin	pluriel	fines	féminin	pluriel	fin	Oui	Ses cheveux blancs, rejetés en arrière, de fines lunettes rondes cerclées d'or, il se tient très droit, le buste ressorti.	s492 	POLv2 : Corpus policier de phraseorom	phraseotext.univ-grenoble-alpes.fr/lexicoscope/context.php?&idsent=s492&idxml=POL.fr.AUDIN.xml&user=userP&token=b006e4315948ce674961eb535e0f32f9
bandes	féminin	pluriel	fines	féminin	pluriel	fin	Oui	Le cuir noir était fatigué et, sous son poids, de fines bandes de rembourrage blanc semblaient prêtes à jaillir de la peausserie.	s9835 	POLv2 : Corpus policier de phraseorom	phraseotext.univ-grenoble-alpes.fr/lexicoscope/context.php?&idsent=s9835&idxml=POL.fr.BANNEL.xml&user=userP&token=8432f8ad892383ccf44d874f1f85dfa4
mouchoir	masculin	singulier	fin	masculin	singulier	fin	Oui	Au cours de ses raids chez les morts, il croisait la route d'une dame stricte, un peu compassée, qui ne manquait aucune inhumation et se tapotait les yeux avec un fin mouchoir de soie, en observant l'assistance.	s493 	POLv2 : Corpus policier de phraseorom	phraseotext.univ-grenoble-alpes.fr/lexicoscope/context.php?&idsent=s493&idxml=POL.fr.BRUCKNER.xml&user=userP&token=b7d337fe9e09fb40c0d3e975e69ff69a
collier	masculin	singulier	fin	masculin	singulier	fin	Oui	Machinalement ses doigts coururent dans sa nuque à la recherche de l'arracheur mécanique attaché à son cou par un fin collier de nylon, et que ses longues mèches dissimulaient au regard.	s20026 	POLv2 : Corpus policier de phraseorom	phraseotext.univ-grenoble-alpes.fr/lexicoscope/context.php?&idsent=s20026&idxml=POL.fr.BRUSSOLO.xml&user=userP&token=521bfa482eeffa21665862b549fc0dc0
cigarettes	féminin	pluriel	fines	féminin	pluriel	fin	Oui	Loisel avait à peu près l'âge de Louis, la cinquantaine, il était menu et blond et fumait des cigarettes fines comme des pailles.	s63209 	POLv2 : Corpus policier de phraseorom	phraseotext.univ-grenoble-alpes.fr/lexicoscope/context.php?&idsent=s63209&idxml=POL.fr.VARGAS.xml&user=userP&token=79e4de3372478e9208abdb7823d9dcf0
stylet	masculin	singulier	fin	masculin	singulier	fin	Oui	S'apprêtant au pire, elle tira des plis de sa robe le fin stylet qui ne la quittait jamais.	s67615 	POLv2 : Corpus policier de phraseorom	phraseotext.univ-grenoble-alpes.fr/lexicoscope/context.php?&idsent=s67615&idxml=POL.fr.BRUSSOLO.xml&user=userP&token=27b6da55e437fba50801c647a4f93afa
chanteur	masculin	singulier	grand	masculin	singulier	grand	Non	Cette nuit que nous vous faisons partager, cette nuit de l'impuissance et de l'amitié brisée, nous la conclurons avec le grand chanteur de raï - cheb Khaled -, sa voix gutturale frottée de sel, et l'inlassable dialogue des trompettes au cuivre nasal, des tablas et des ouds à long manche.	s3310 	LITT : Sélection d’oeuvres de phraseorom (5M par sous-genre)	phraseotext.univ-grenoble-alpes.fr/lexicoscope/context.php?&idsent=s3310&idxml=LITT.fr.BAPTISTE-MARREY.xml&user=userP&token=84a0126a2107ae8422da019def322883
chanteur	masculin	singulier	grand	masculin	singulier	grand	Non	Vous possédez une voix qui a fait pâlir de jalousie le grand chanteur italien Maroni, vous rimez à merveille, vous poussez au plus haut point – pardonnez-moi, madame – l'art de séduire les femmes...	s5873 	LITT : Sélection d’oeuvres de phraseorom (5M par sous-genre)	phraseotext.univ-grenoble-alpes.fr/lexicoscope/context.php?&idsent=s5873&idxml=LITT.fr.GOLON~GOLON.xml&user=userP&token=c0c3add3e576bce56be234a0992c810c
chanteur	masculin	singulier	grand	masculin	singulier	grand	Non	Il devrait, lui, rester jusqu'au bout: ce serait lui, «Jean Fabri le grand chanteur que vous connaissez tous... », qui remettrait le prix à la gagnante!	s31513 	SENT : Corpus sentimental de phraseorom	phraseotext.univ-grenoble-alpes.fr/lexicoscope/context.php?&idsent=s31513&idxml=SENT.fr.BOISSARD.xml&user=userP&token=302c423c8a531e4d5474dab3dcee0759
chanteur	masculin	singulier	grand	masculin	singulier	grand	Non	L'important est d'avoir une bonne technique, et cela tout grand chanteur peut vous l'apprendre.	s337935 	Corpus de presse du Monde, Figaro, Libération 2010-2015	phraseotext.univ-grenoble-alpes.fr/lexicoscope/context.php?&idsent=s337935&idxml=libe2010_2015.xml&user=userP&token=36458d7ed06256f454c7820e27734e98
chanteur	masculin	singulier	grand	masculin	singulier	grand	Non	Je ne suis pas un grand chanteur ou un grand industriel.	s368239 	Corpus de presse du Monde, Figaro, Libération 2010-2015	phraseotext.univ-grenoble-alpes.fr/lexicoscope/context.php?&idsent=s368239&idxml=libe2010_2015.xml&user=userP&token=9b68d7b1b210ab96b2dbb64654c1a170
chanteur	masculin	singulier	grand	masculin	singulier	grand	Non	On y entendra Enrico Macias chanter en duo une version yiddish de Paris tu m'as pris dans tes bras, traduite pour l'occasion par le grand chanteur Theodore Bikel, Américano-Israélien né à Vienne (Autriche) en 1924, et dont les parents avaient émigré en Palestine dès 1937.	s69072 	Corpus de presse du Monde, Figaro, Libération 2010-2015	phraseotext.univ-grenoble-alpes.fr/lexicoscope/context.php?&idsent=s69072&idxml=lm2010_2015.xml&user=userP&token=3d3f774827b1d1351cce6f4917478885
chanteur	masculin	singulier	grand	masculin	singulier	grand	Non	Caetano Veloso, alors en exil à Londres, choisit de ne pas chanter du Veloso, mais une chanson patrimoniale, Asa Branca , sorte d'hymne au Nordeste, à sa sécheresse désertique, écrite en 1947 par le grand accordéoniste et chanteur Luiz Gonzaga (1912-1989).	s922789 	Corpus de presse du Monde, Figaro, Libération 2010-2015	phraseotext.univ-grenoble-alpes.fr/lexicoscope/context.php?&idsent=s922789&idxml=lm2010_2015.xml&user=userP&token=b6da1757b282a1fd90d3d33b304fcfdb
chanteur	masculin	singulier	grand	masculin	singulier	grand	Non	Tu es le plus grand chanteur d'Europe.	s1299551 	Corpus de presse du Monde, Figaro, Libération 2010-2015	phraseotext.univ-grenoble-alpes.fr/lexicoscope/context.php?&idsent=s1299551&idxml=lm2010_2015.xml&user=userP&token=77b686bf93d5151425b38984b764e7ad
chanteur	masculin	singulier	grand	masculin	singulier	grand	Non	Respect des musiciens, jeu égal, conscience que rien ne sépare la note du mot : il y faut un très grand chanteur et les meilleurs autour.	s844643 	Corpus de presse du Monde, Figaro, Libération 2010-2015	phraseotext.univ-grenoble-alpes.fr/lexicoscope/context.php?&idsent=s844643&idxml=lm2010_2015.xml&user=userP&token=260c67d6dbc424ba113b135e8556eb37
chanteur	masculin	singulier	grand	masculin	singulier	grand	Non	"Le disque s'ouvre avec Chayé Nou, un hommage à Patrick Saint-Eloi, ""notre plus grand chanteur"", emporté par un cancer en 2010 à 51 ans."	s129043 	Corpus de presse du Monde, Figaro, Libération 2010-2015	phraseotext.univ-grenoble-alpes.fr/lexicoscope/context.php?&idsent=s129043&idxml=libe2010_2015.xml&user=userP&token=2d63717f6a5bae4c3222e03db84e0b13
cadres	masculin	pluriel	grands	masculin	pluriel	grand	Oui	Et sans doute bien plus encore... Je me figurai tous les miroirs qui pouvaient se trouver en ville, les petits accessoires à main, les jolies glaces ovales disposées sur les coiffeuses, les grands cadres décoratifs accrochés sur les murs des riches, et je réalisai qu'il s'agissait d'autant de fenêtres ouvertes sur l'intimité des appartements.	s3256 	LITT : Sélection d’oeuvres de phraseorom (5M par sous-genre)	phraseotext.univ-grenoble-alpes.fr/lexicoscope/context.php?&idsent=s3256&idxml=LITT.fr.JAWORSKI.xml&user=userP&token=f38b1141ca922201644fbda62a902942
lévrier	masculin	singulier	grand	masculin	singulier	grand	Oui	C'était un grand lévrier de Valanael : un animal magnifique, tout en finesse et en puissance.	s5059 	LITT : Sélection d’oeuvres de phraseorom (5M par sous-genre)	phraseotext.univ-grenoble-alpes.fr/lexicoscope/context.php?&idsent=s5059&idxml=LITT.fr.JAWORSKI.xml&user=userP&token=3078ef052247c18cd66c1b038e3fe9c8
nef	féminin	singulier	grande	féminin	singulier	grand	Oui	Au centre du dispositif mouillait une grande nef noire, couverte par une tente obscure, dont les rabats habillaient la coque et pendaient jusque dans l'écume.	s5589 	LITT : Sélection d’oeuvres de phraseorom (5M par sous-genre)	phraseotext.univ-grenoble-alpes.fr/lexicoscope/context.php?&idsent=s5589&idxml=LITT.fr.JAWORSKI.xml&user=userP&token=35ada5cf170d465d7db1be3dd74032bf
portefeuille	masculin	singulier	grand	masculin	singulier	grand	Oui	Le ministérial rangea les papiers dans un grand portefeuille de cuir et se leva, mais les deux hommes discutèrent encore un moment.	s6706 	LITT : Sélection d’oeuvres de phraseorom (5M par sous-genre)	phraseotext.univ-grenoble-alpes.fr/lexicoscope/context.php?&idsent=s6706&idxml=LITT.fr.JAWORSKI.xml&user=userP&token=8cb9194b3d22d0f2f6cc5f34b2039f5a
figurines	féminin	pluriel	grandes	féminin	pluriel	grand	Oui	Ils avaient aligné sur le pavé de grandes figurines de bois peint, se livrant une guerre calme et sérieuse ; mais notre arrivée avait suspendu l'affrontement des jouets, et ils levaient vers nous des yeux curieux.	s7108 	LITT : Sélection d’oeuvres de phraseorom (5M par sous-genre)	phraseotext.univ-grenoble-alpes.fr/lexicoscope/context.php?&idsent=s7108&idxml=LITT.fr.JAWORSKI.xml&user=userP&token=30f0995d83f64bcbdb5067ca16d2bf27
salon	masculin	singulier	grand	masculin	singulier	grand	Oui	Notre hôtesse nous mena dans un grand salon un peu vide, mais non pas désert.	s7237 	LITT : Sélection d’oeuvres de phraseorom (5M par sous-genre)	phraseotext.univ-grenoble-alpes.fr/lexicoscope/context.php?&idsent=s7237&idxml=LITT.fr.JAWORSKI.xml&user=userP&token=c087a248fd74338b77eaf764c14aad06
fenêtres	féminin	pluriel	grandes	féminin	pluriel	grand	Oui	Mais ce qui attirait l'oeil, c'étaient les grandes fenêtres à meneaux, que l'on avait ouvertes par ce temps caniculaire.	s7457 	LITT : Sélection d’oeuvres de phraseorom (5M par sous-genre)	phraseotext.univ-grenoble-alpes.fr/lexicoscope/context.php?&idsent=s7457&idxml=LITT.fr.JAWORSKI.xml&user=userP&token=0bfeb77eee47bc2901ee0ddb56b63e15
carnets	masculin	pluriel	grands	masculin	pluriel	grand	Oui	Nous partions ensemble, je répétais, elle peignait dans les chambres d'hôtel sur un chevalet portatif, ou elle remplissait de croquis ou d'aquarelles les pages de grands carnets à spirale, au gré de ses découvertes, dans les villes où nous nous trouvions.	s1098 	LITT : Sélection d’oeuvres de phraseorom (5M par sous-genre)	phraseotext.univ-grenoble-alpes.fr/lexicoscope/context.php?&idsent=s1098&idxml=LITT.fr.JOSSE.xml&user=userP&token=806e6f2999e6067a3826451d03c0ba39
mains	féminin	pluriel	grandes	féminin	pluriel	grand	Oui	Le Sapientissime était resté assis en tailleur, ses grandes mains posées l'une sur l'autre dans son giron, paumes en l'air.	s10907 	LITT : Sélection d’oeuvres de phraseorom (5M par sous-genre)	phraseotext.univ-grenoble-alpes.fr/lexicoscope/context.php?&idsent=s10907&idxml=LITT.fr.JAWORSKI.xml&user=userP&token=66f53c35cb04347df0927ad6f5c420de
arc	masculin	singulier	grand	masculin	singulier	grand	Oui	Je me rendis compte alors qu'il portait un carquois en bandoulière, ainsi qu'un grand arc décordé, soigneusement emballé dans une housse.	s14645 	LITT : Sélection d’oeuvres de phraseorom (5M par sous-genre)	phraseotext.univ-grenoble-alpes.fr/lexicoscope/context.php?&idsent=s14645&idxml=LITT.fr.JAWORSKI.xml&user=userP&token=9a495f7d8a4910b15e4ddaca6b7f0ee0
temps	masculin	singulier	beau	masculin	singulier	beau	Non	Pourquoi alors ne pas profiter du beau temps pour aller, sans se presser, faire ce petit tour du côté de Saint-Hippolyte qu'il projetait depuis deux jours ?	s1809 	LITT : Sélection d’oeuvres de phraseorom (5M par sous-genre)	phraseotext.univ-grenoble-alpes.fr/lexicoscope/context.php?&idsent=s1809&idxml=LITT.fr.ARNAUD.xml&user=userP&token=b391ac152ef106fed009385b79075393
temps	masculin	singulier	beau	masculin	singulier	beau	Non	Avec un peu de chance, le beau temps se maintiendrait jusqu'au samedi, et il pourrait enfourcher son vélo.	s2346 	LITT : Sélection d’oeuvres de phraseorom (5M par sous-genre)	phraseotext.univ-grenoble-alpes.fr/lexicoscope/context.php?&idsent=s2346&idxml=LITT.fr.BORROMEE.xml&user=userP&token=8864206dade1f0894b72978db5069303
temps	masculin	singulier	beau	masculin	singulier	beau	Non	Cela dit, même par beau temps, le résultat aurait été identique : on ne distinguait plus grand-chose aux alentours de minuit...	s357 	LITT : Sélection d’oeuvres de phraseorom (5M par sous-genre)	phraseotext.univ-grenoble-alpes.fr/lexicoscope/context.php?&idsent=s357&idxml=LITT.fr.CAILLET.xml&user=userP&token=b9de6bf3db3e288729e5ebe8491b1d63
temps	masculin	singulier	beau	masculin	singulier	beau	Non	Il faut dire qu'avec le beau temps, le démon revient en force.	s6332 	LITT : Sélection d’oeuvres de phraseorom (5M par sous-genre)	phraseotext.univ-grenoble-alpes.fr/lexicoscope/context.php?&idsent=s6332&idxml=LITT.fr.CANAL.xml&user=userP&token=aa525fd9dcbb6e9d4aefa98c5a91ea5c
temps	masculin	singulier	beau	masculin	singulier	beau	Non	Malgré le beau temps, le révérend avait passé toute l'après-midi enfermé dans son garage, à bricoler une vieille Harley-Davidson qu'il espérait bien faire rouler un jour.	s10044 	LITT : Sélection d’oeuvres de phraseorom (5M par sous-genre)	phraseotext.univ-grenoble-alpes.fr/lexicoscope/context.php?&idsent=s10044&idxml=LITT.fr.DICKER.xml&user=userP&token=921a0e4cc75ab73cda6270f207453e86
temps	masculin	singulier	beau	masculin	singulier	beau	Non	J'avais devant moi un long après-midi de beau temps et je me décidai à en profiter pour une visite longtemps remise aux ruines éloignées de Sagra.	s887 	LITT : Sélection d’oeuvres de phraseorom (5M par sous-genre)	phraseotext.univ-grenoble-alpes.fr/lexicoscope/context.php?&idsent=s887&idxml=LITT.fr.GRACQ.xml&user=userP&token=8b69c8899034e2afac0cea307f8e6632
temps	masculin	singulier	beau	masculin	singulier	beau	Non	Le bateau filait bon train sur une mer apaisée ; la brume s'enlevait en flocons et promettait une journée de beau temps.	s3022 	LITT : Sélection d’oeuvres de phraseorom (5M par sous-genre)	phraseotext.univ-grenoble-alpes.fr/lexicoscope/context.php?&idsent=s3022&idxml=LITT.fr.GRACQ.xml&user=userP&token=8f4b0fd946d0c8dd88d4542325e8e1c9
temps	masculin	singulier	beau	masculin	singulier	beau	Non	Si le beau temps revenait, il serait possible d'en sauver une petite partie, mais l'égreneuse garderait le plus gros de ce que cela rapporterait.	s9281 	LITT : Sélection d’oeuvres de phraseorom (5M par sous-genre)	phraseotext.univ-grenoble-alpes.fr/lexicoscope/context.php?&idsent=s9281&idxml=LITT.fr.GRISHAM.xml&user=userP&token=d400e6a8aade537381560d6e7d3f4883
temps	masculin	singulier	beau	masculin	singulier	beau	Non	Un peu après neuf heures, le matin, la blonde décida qu'on allait profiter du beau temps pour « aérer les lits » de la maison.	s6282 	LITT : Sélection d’oeuvres de phraseorom (5M par sous-genre)	phraseotext.univ-grenoble-alpes.fr/lexicoscope/context.php?&idsent=s6282&idxml=LITT.fr.LAINE2.xml&user=userP&token=fb4d9ca3ae11e55afe742792253cbb77
temps	masculin	singulier	beau	masculin	singulier	beau	Non	Je profitai du beau temps pour un peu de tourisme, puis je fis vent à vitesse modérée vers le nord.	s1852 	LITT : Sélection d’oeuvres de phraseorom (5M par sous-genre)	phraseotext.univ-grenoble-alpes.fr/lexicoscope/context.php?&idsent=s1852&idxml=LITT.fr.MACOUIN.xml&user=userP&token=2cbfdca3fc66acd5436905a7721d0ff4
salon	masculin	singulier	beau	masculin	singulier	beau	Oui	La ligne rouge d'un fin tapis oriental nous mena à une arcade à demi close d'un épais rideau sanguin et, par-delà, dans un large et beau salon où s'alanguissaient de superbes plantes.	s3295 	FY : Corpus fantastique de phraseorom	phraseotext.univ-grenoble-alpes.fr/lexicoscope/context.php?&idsent=s3295&idxml=FY.fr.ALBERT.xml&user=userP&token=6585b614954bdf1fceb9da2938c04105
garçon	masculin	singulier	beau	masculin	singulier	beau	Oui	C'est vrai que lorsque je posais les yeux sur lui, je voyais un beau garçon, tendre et protecteur.	s2650 	LITT : Sélection d’oeuvres de phraseorom (5M par sous-genre)	phraseotext.univ-grenoble-alpes.fr/lexicoscope/context.php?&idsent=s2650&idxml=LITT.fr.ABECASSIS.xml&user=userP&token=c3d80bb2fecaea5c52edcb66499c50eb
robe	féminin	singulier	belle	féminin	singulier	beau	Oui	Tu es là, dans ta belle robe blanche, le jour de ton mariage.	s4081 	LITT : Sélection d’oeuvres de phraseorom (5M par sous-genre)	phraseotext.univ-grenoble-alpes.fr/lexicoscope/context.php?&idsent=s4081&idxml=LITT.fr.ABECASSIS.xml&user=userP&token=f46e35589f73ebd06f92af07d5bab317
bracelet	masculin	singulier	beau	masculin	singulier	beau	Oui	Une grosse montre, vous savez, avec plein de cadrans et un beau bracelet en cuir.	s6230 	LITT : Sélection d’oeuvres de phraseorom (5M par sous-genre)	phraseotext.univ-grenoble-alpes.fr/lexicoscope/context.php?&idsent=s6230&idxml=LITT.fr.RUFIN3.xml&user=userP&token=54dce582d65abd7d68d8625db1739661
sièges	masculin	pluriel	beaux	masculin	pluriel	beau	Oui	Marco a sûrement eu peur que le clébard lui pourrisse ses beaux sièges de bagnole.	s2374 	LITT : Sélection d’oeuvres de phraseorom (5M par sous-genre)	phraseotext.univ-grenoble-alpes.fr/lexicoscope/context.php?&idsent=s2374&idxml=LITT.fr.ADAM.xml&user=userP&token=a13955dd179ea7f053b98c0605383235
feuillages	masculin	pluriel	beaux	masculin	pluriel	beau	Oui	Fou que j'étais d'oublier le cimetière derrière le mur, les os dessous les beaux feuillages.	s819 	FY : Corpus fantastique de phraseorom	phraseotext.univ-grenoble-alpes.fr/lexicoscope/context.php?&idsent=s819&idxml=FY.fr.ALBERT.xml&user=userP&token=1313a21c354087d38a8b2ed8b04a4303
cathédrale	féminin	singulier	belle	féminin	singulier	beau	Oui	Inscrite au patrimoine mondial de l'Unesco, Kutná Hora possède des ruelles pittoresques, une belle cathédrale gothique, et surtout un magnifique ossuaire, véritable curiosité locale où s'entremêlent des crânes humains pour former des voûtes et des ogives à la blancheur sépulcrale.	s1081 	LITT : Sélection d’oeuvres de phraseorom (5M par sous-genre)	phraseotext.univ-grenoble-alpes.fr/lexicoscope/context.php?&idsent=s1081&idxml=LITT.fr.BINET.xml&user=userP&token=350c64d4dc411d7a20b0b4775927f220
seins	masculin	pluriel	beaux	masculin	pluriel	beau	Oui	Elle était grande et blonde avec de beaux seins un peu lourds.	s1966 	LITT : Sélection d’oeuvres de phraseorom (5M par sous-genre)	phraseotext.univ-grenoble-alpes.fr/lexicoscope/context.php?&idsent=s1966&idxml=LITT.fr.CLAVEL2.xml&user=userP&token=4f2ae8723de6f79e35619bd4e1a43087
table	féminin	singulier	belle	féminin	singulier	beau	Oui	Mathilde de Santheuil et le comte de Nissac se trouvaient chacun à une extrémité d'une belle table de noyer aux quatre pieds tournés en balustrades et reliés par une entretoise droite.	s1316 	LITT : Sélection d’oeuvres de phraseorom (5M par sous-genre)	phraseotext.univ-grenoble-alpes.fr/lexicoscope/context.php?&idsent=s1316&idxml=LITT.fr.FAJARDIE.xml&user=userP&token=fc4de031e5901a9a1bdbf66e93a4220b
chapeau	masculin	singulier	beau	masculin	singulier	beau	Oui	Gaston d'Orléans l'observa, surpris par ce beau chapeau à plumes rouges et blanches.	s8746 	LITT : Sélection d’oeuvres de phraseorom (5M par sous-genre)	phraseotext.univ-grenoble-alpes.fr/lexicoscope/context.php?&idsent=s8746&idxml=LITT.fr.FAJARDIE.xml&user=userP&token=679d05dc80fccd4b5dca4d48b24b298a
douche	féminin	singulier	bonne	féminin	singulier	bon	Non	Après une mauvaise nuit et une bonne douche, Françoise rappela le portable de son mari.	s10896 	LITT : Sélection d’oeuvres de phraseorom (5M par sous-genre)	phraseotext.univ-grenoble-alpes.fr/lexicoscope/context.php?&idsent=s10896&idxml=LITT.fr.ALEXIS.xml&user=userP&token=0f8a798ec10ec42d23ecb76b88ad8b1f
douche	féminin	singulier	bonne	féminin	singulier	bon	Non	Il défit sa valise à contrecoeur, sortit le scénario de son sac de voyage, et songea qu'après une bonne douche il lui faudrait se mettre au travail.	s2706 	LITT : Sélection d’oeuvres de phraseorom (5M par sous-genre)	phraseotext.univ-grenoble-alpes.fr/lexicoscope/context.php?&idsent=s2706&idxml=LITT.fr.BOURDIN.xml&user=userP&token=7e63ff15a71f3be062d1bc4a601a385d
douche	féminin	singulier	bonne	féminin	singulier	bon	Non	La pluie lui faisait du bien, elle se sentait moite, rêvait d'une bonne douche chaude.	s3660 	LITT : Sélection d’oeuvres de phraseorom (5M par sous-genre)	phraseotext.univ-grenoble-alpes.fr/lexicoscope/context.php?&idsent=s3660&idxml=LITT.fr.CHATTAM.xml&user=userP&token=acb3edecbcd7c83f2c80d385d77e25db
douche	féminin	singulier	bonne	féminin	singulier	bon	Non	Je les laisse discuter et m'éclipse pour me débarrasser de cet assaut d'idées vides sous une bonne douche.	s2569 	LITT : Sélection d’oeuvres de phraseorom (5M par sous-genre)	phraseotext.univ-grenoble-alpes.fr/lexicoscope/context.php?&idsent=s2569&idxml=LITT.fr.DICKER.xml&user=userP&token=4656c95783e29adb4d22644c5ae03e76
douche	féminin	singulier	bonne	féminin	singulier	bon	Non	Après tout ce sexe, une bonne douche s'impose.	s3899 	LITT : Sélection d’oeuvres de phraseorom (5M par sous-genre)	phraseotext.univ-grenoble-alpes.fr/lexicoscope/context.php?&idsent=s3899&idxml=LITT.fr.INGUIMBERT.xml&user=userP&token=186b286a386084254ab1a5e288772205
douche	féminin	singulier	bonne	féminin	singulier	bon	Non	Nous rejoignons ses parents après une bonne douche pour diner.	s7236 	LITT : Sélection d’oeuvres de phraseorom (5M par sous-genre)	phraseotext.univ-grenoble-alpes.fr/lexicoscope/context.php?&idsent=s7236&idxml=LITT.fr.INGUIMBERT.xml&user=userP&token=4ae536cf49662bd4476ca70ef4a1c5ea
douche	féminin	singulier	bonne	féminin	singulier	bon	Non	Après une bonne douche, je m'habille et je vais retrouver Carla.	s89 	LITT : Sélection d’oeuvres de phraseorom (5M par sous-genre)	phraseotext.univ-grenoble-alpes.fr/lexicoscope/context.php?&idsent=s89&idxml=LITT.fr.JARRIGE.xml&user=userP&token=e6e627dfa3439102889a298e155ae83a
douche	féminin	singulier	bonne	féminin	singulier	bon	Non	Il aurait donné beaucoup pour une bonne douche ou une couette moelleuse dans une chambre tiède.	s6052 	LITT : Sélection d’oeuvres de phraseorom (5M par sous-genre)	phraseotext.univ-grenoble-alpes.fr/lexicoscope/context.php?&idsent=s6052&idxml=LITT.fr.LEFEBVRE.xml&user=userP&token=e37aa7c5bccf5350e2be4888b1c2d24b
douche	féminin	singulier	bonne	féminin	singulier	bon	Non	La perspective d'une bonne douche pour enlever cette odeur de fumée qui semblait être incrustée dans sa peau acheva de la convaincre.	s2782 	LITT : Sélection d’oeuvres de phraseorom (5M par sous-genre)	phraseotext.univ-grenoble-alpes.fr/lexicoscope/context.php?&idsent=s2782&idxml=LITT.fr.OLIVAUX.xml&user=userP&token=700d4d7a1821ec55820c6f958caa5358
douche	féminin	singulier	bonne	féminin	singulier	bon	Non	Par contre, il se promit une bonne douche après le déjeuner.	s3095 	LITT : Sélection d’oeuvres de phraseorom (5M par sous-genre)	phraseotext.univ-grenoble-alpes.fr/lexicoscope/context.php?&idsent=s3095&idxml=LITT.fr.SENECAL.xml&user=userP&token=e5ae14d62755ec83e2aaa404cd167521
père	masculin	singulier	bon	masculin	singulier	bon	Oui	Il m'a donné deux enfants merveilleux, et surtout, il reste un très bon père.	s1543 	LITT : Sélection d’oeuvres de phraseorom (5M par sous-genre)	phraseotext.univ-grenoble-alpes.fr/lexicoscope/context.php?&idsent=s1543&idxml=LITT.fr.ABECASSIS.xml&user=userP&token=a26f9feefc175cfc3329f766910833e3
élèves	masculin	pluriel	bons	masculin	pluriel	bon	Oui	Ils étaient relativement bons élèves, mais chaque année gravie dans leur scolarité me semblait les éloigner un peu plus de ma précarité.	s6927 	LITT : Sélection d’oeuvres de phraseorom (5M par sous-genre)	phraseotext.univ-grenoble-alpes.fr/lexicoscope/context.php?&idsent=s6927&idxml=LITT.fr.ABECASSIS.xml&user=userP&token=8a87cae1ce01d8607c7852f073b145b2
mère	féminin	singulier	bonne	féminin	singulier	bon	Oui	À part ça, elle était une bonne mère, même si elle reconnaissait préférer son mari à ses enfants.	s13333 	LITT : Sélection d’oeuvres de phraseorom (5M par sous-genre)	phraseotext.univ-grenoble-alpes.fr/lexicoscope/context.php?&idsent=s13333&idxml=LITT.fr.BOURDIN.xml&user=userP&token=4d276e9f594e9578281ab081439b938b
nageur	masculin	singulier	bon	masculin	singulier	bon	Oui	Il avait fallu au bon nageur une résolution désespérée pour étouffer dans cette boue noire.	s2337 	LITT : Sélection d’oeuvres de phraseorom (5M par sous-genre)	phraseotext.univ-grenoble-alpes.fr/lexicoscope/context.php?&idsent=s2337&idxml=LITT.fr.YOURCENAR.xml&user=userP&token=7d999d75ceb8ba8553e01fa246028ed2
tireur	masculin	singulier	bon	masculin	singulier	bon	Oui	– Tu es un bon tireur à l'arbalète, Swa, mais l'arme blanche, l'arme des combats nobles, mon garçon, qu'en fais-tu ?	s3761 	LITT : Sélection d’oeuvres de phraseorom (5M par sous-genre)	phraseotext.univ-grenoble-alpes.fr/lexicoscope/context.php?&idsent=s3761&idxml=LITT.fr.WALTHER.xml&user=userP&token=8168ced2c3d22a7f23f9388bdd9861ba
étudiants	masculin	pluriel	bons	masculin	pluriel	bon	Oui	C'est ce qui fait les bons étudiants, vous ne trouvez pas ?	s430 	LITT : Sélection d’oeuvres de phraseorom (5M par sous-genre)	phraseotext.univ-grenoble-alpes.fr/lexicoscope/context.php?&idsent=s430&idxml=LITT.fr.VONARBURG.xml&user=userP&token=4d0d0cf77f565661e7813e32028e204b
professeure	féminin	singulier	bonne	féminin	singulier	bon	Oui	Je suis sûre que mademoiselle est une très bonne professeure.	s9693 	LITT : Sélection d’oeuvres de phraseorom (5M par sous-genre)	phraseotext.univ-grenoble-alpes.fr/lexicoscope/context.php?&idsent=s9693&idxml=LITT.fr.VONARBURG.xml&user=userP&token=56c9a7729c1373d58455459c182c64d0
commandant	masculin	singulier	bon	masculin	singulier	bon	Oui	– Tout le monde pense que tu seras un bon commandant, dit Pedron Dardaf.	s3504 	LITT : Sélection d’oeuvres de phraseorom (5M par sous-genre)	phraseotext.univ-grenoble-alpes.fr/lexicoscope/context.php?&idsent=s3504&idxml=LITT.fr.VOLODINE.xml&user=userP&token=9110a6ec06528267dc2f40d75c38616e
jardinier	masculin	singulier	bon	masculin	singulier	bon	Oui	Il lui avait fait une longue lettre pour dire qu'il était très bon jardinier.	s9156 	LITT : Sélection d’oeuvres de phraseorom (5M par sous-genre)	phraseotext.univ-grenoble-alpes.fr/lexicoscope/context.php?&idsent=s9156&idxml=LITT.fr.VARGAS.xml&user=userP&token=52bb0c79a2f65c676ef381cd292a177c
comédienne	féminin	singulier	bonne	féminin	singulier	bon	Oui	Si elle fait semblant, elle est drôlement bonne comédienne.	s3498 	LITT : Sélection d’oeuvres de phraseorom (5M par sous-genre)	phraseotext.univ-grenoble-alpes.fr/lexicoscope/context.php?&idsent=s3498&idxml=LITT.fr.TROMPETTE.xml&user=userP&token=d0580a2ee700475865acd8e431e2495d
